NAME,COUNTRY,ISO_CODE,ISO_CC,ADMINTYPE,COUNTRYAFF,CONTINENT,LAND_TYPE,Confirmed,Deaths,x,y,ObjectId
New York,United States,https://www.worldometers.info/coronavirus/country/us/,United States,NY,United States,North America,Primary land,361266,28480,-75.694636,43.01675695,1
New Jersey,United States,https://www.worldometers.info/coronavirus/country/us/,United States,NJ,United States,North America,Primary land,150087,10448,-74.66956342,40.21276915,2
Moskva,Russian Federation,https://ria.ru/20200302/1566843474.html,RU,Federal City,Russian Federation,Europe,Primary land,146062,1580,37.5822701,55.75167733,3
England,United Kingdom,https://www.gov.uk/guidance/coronavirus-covid-19-information-for-the-public,GB,Country,United Kingdom,Europe,Primary land,144127,31010,-1.46502298,52.65974006,4
Istanbul,Turkey,TR34,TR,Province,Turkey,Asia,Primary land,125331,3905,29.40153514,41.05711275,5
Illinois,United States,https://www.worldometers.info/coronavirus/country/us/,United States,IL,United States,North America,Primary land,96485,4234,-89.14784153,40.16609435,6
Kaliningradskaya,Russian Federation,RUKGD,RU,Oblast,Russian Federation,Europe,Primary land,978,11,21.45274794,54.70774872,7
Unknown Locations,Iran,https://twitter.com/AbasAslani/status/1237689626279776256,IR,Province,Iran,Asia,Primary land,87648,6391,51.82060189,35.59615277,8
Massachusetts,United States,https://www.worldometers.info/coronavirus/country/us/,United States,MA,United States,North America,Primary land,87052,5862,-71.9238274,42.30692506,9
Kinshasa,Congo DRC,https://www.bloomberg.com/news/articles/2020-03-09/sub-saharan-coronavirus-cases-climb-with-four-more-in-s-africa,CD,Province,Congo DRC,Africa,Primary land,972,41,15.9175888,-4.446080452,10
California,United States,https://www.worldometers.info/coronavirus/country/us/,United States,CA,United States,North America,Primary land,81711,3321,-119.6771753,37.38655147,11
Valpara?so,Chile,CLVS,CL,Region,Chile,South America,Primary land,970,21,-70.90841943,-32.70472918,12
Lombardia,Italy,https://twitter.com/RvanderDonk1/status/1237108536011882498,IT,Region,Italy,Europe,Primary land,80089,14745,9.769320435,45.62513874,13
Atl?ntico,Colombia,COATL,CO,Department,Colombia,South America,Primary land,970,40,-74.97281839,10.67684582,14
Altay,Russian Federation,RUAL,RU,Republic,Russian Federation,Asia,Primary land,970,3,87.01365457,50.75116821,15
Hubei,China,https://3g.dxy.cn/newh5/view/pneumonia?scene=2&clicktime=1579582238&enterid=1579582238&from=singlemessage&isappinstalled=0,CN,Province,China,Asia,Primary land,68134,4512,112.2736941,30.98050703,16
Basel City,Switzerland,https://www.swissinfo.ch/eng/covid-19_switzerland-confirms-second-coronavirus-case/45582788?utm_content=o&utm_campaign=own-posts&utm_medium=socialflow&utm_source=twitter,CH,Canton,Switzerland,Europe,Primary land,970,50,7.610462834,47.5628832,17
Pennsylvania,United States,https://www.worldometers.info/coronavirus/country/us/,United States,PA,United States,North America,Primary land,66674,4668,-77.84325512,40.90844972,18
Komi,Russian Federation,RUKO,RU,Republic,Russian Federation,Europe,Primary land,968,17,54.9522225,64.32899632,19
Madrid,Spain,https://www.rtve.es/noticias/20200304/mapa-del-coronavirus-espana/2004681.shtml,ES,Autonomous Community,Spain,Europe,Primary land,66210,8826,-3.715171823,40.49622965,20
Chechenskaya,Russian Federation,RUCE,RU,Republic,Russian Federation,Europe,Primary land,966,10,45.75675849,43.30923497,21
Sao Paulo,Brazil,https://twitter.com/minsaude/status/1236423393362264065,BR,State,Brazil,South America,Primary land,62345,4782,-48.73238062,-22.27036239,22
San Salvador,El Salvador,https://www.usnews.com/news/world/articles/2020-03-18/el-salvador-registers-first-coronavirus-infection-president-says,SV,Department,El Salvador,North America,Primary land,958,17,-89.1739415,13.77329415,23
Catalonia,Spain,https://www.rtve.es/noticias/20200304/mapa-del-coronavirus-espana/2004681.shtml,ES,Autonomous Community,Spain,Europe,Primary land,55685,5915,1.531778125,41.80435155,24
Stredocesky,Czech Republic,https://onemocneni-aktualne.mzcr.cz/covid-19,CZ,Region,Czech Republic,Europe,Primary land,954,23,14.547456,50.00056155,25
Buryatiya,Russian Federation,https://ria.ru/20200302/1566843474.html,RU,Republic,Russian Federation,Asia,Primary land,948,6,109.6275701,53.67879522,26
Michigan,United States,https://www.worldometers.info/coronavirus/country/us/,United States,MI,United States,North America,Primary land,51915,4915,-85.76504084,44.95427893,27
Riga,Latvia,http://www.leta.lv/home/important/B38ABA0D-11DC-4602-8932-81FFBC3902E5/,LV,City,Latvia,Europe,Primary land,946,18,24.13222462,56.97435017,28
Lima,Peru,PELIM,PE,Region,Peru,South America,Primary land,51189,1163,-76.59986747,-11.76748393,29
Heilongjiang,China,https://3g.dxy.cn/newh5/view/pneumonia?scene=2&clicktime=1579582238&enterid=1579582238&from=singlemessage&isappinstalled=0,CN,Province,China,Asia,Primary land,945,13,127.6579959,48.04457916,30
Texas,United States,https://www.worldometers.info/coronavirus/country/us/,United States,TX,United States,North America,Primary land,49684,1369,-99.37686501,31.57511639,31
Saitama,Japan,https://www3.nhk.or.jp/news/html/20200304/k10012312901000.html,JP,Prefecture,Japan,Asia,Primary land,943,37,139.3442264,36.0002317,32
Florida,United States,https://www.worldometers.info/coronavirus/country/us/,United States,FL,United States,North America,Primary land,46442,1997,-81.444936,27.92,33
L'vivs'ka,Ukraine,UA46,UA,Province,Ukraine,Europe,Primary land,942,23,23.92020409,49.72359143,34
Bayern,Germany,https://interaktiv.morgenpost.de/corona-virus-karte-infektionen-deutschland-weltweit/?fbclid=IwAR04HlqzakGaNssQzbz4d8o8R3gz0C910U8tvfYlBT6P0lVJJvHfk9uS2rc,DE,State,Germany,Europe,Primary land,45966,2331,11.41587036,48.9682316,35
Vermont,United States,https://www.worldometers.info/coronavirus/country/us/,United States,VT,United States,North America,Primary land,940,54,-72.66083838,44.08550942,36
Unknown Locations,Saudi Arabia,https://twitter.com/SaudiMOH/status/1236579629420380161,SA,Emirate,Saudi Arabia,Asia,Very small island,41007,255,38.30178044,23.84045671,37
Jiangxi,China,https://3g.dxy.cn/newh5/view/pneumonia?scene=2&clicktime=1579582238&enterid=1579582238&from=singlemessage&isappinstalled=0,CN,Province,China,Asia,Primary land,937,1,115.7290464,27.63851221,38
Maryland,United States,https://www.worldometers.info/coronavirus/country/us/,United States,MD,United States,North America,Primary land,39762,2023,-76.80957751,39.06216274,39
Hokkaido,Japan,https://www3.nhk.or.jp/news/html/20200304/k10012312901000.html,JP,Prefecture,Japan,Asia,Primary land,934,40,142.5674491,43.39698505,40
Georgia,United States,https://www.worldometers.info/coronavirus/country/us/,United States,GA,United States,North America,Primary land,38238,1649,-83.46673518,32.68226652,41
B?o-B?o,Chile,CLBI,CL,Region,Chile,South America,Primary land,932,8,-72.2591359,-37.18446334,42
Connecticut,United States,https://www.worldometers.info/coronavirus/country/us/,United States,CT,United States,North America,Primary land,38116,3449,-72.72645216,41.62394305,43
Meta,Colombia,COMET,CO,Department,Colombia,South America,Primary land,923,6,-72.9585422,3.341919824,44
Quebec,Canada,https://www.canada.ca/en/public-health/services/diseases/2019-novel-coronavirus-infection.html,CA,Province,Canada,North America,Primary land,37721,2928,-71.83707229,54.10693509,45
Hrodzenskaya,Belarus,https://en.wikipedia.org/wiki/2020_coronavirus_pandemic_in_Belarus,BY,Oblast,Belarus,Europe,Primary land,918,1,25.17726476,53.72924216,46
Ile-de-France,France,https://www.bfmtv.com/sante/en-direct-coronavirus-test-stade-3-epidemie-ecoles-gel-masques-oise-haut-rhin-morts-contaminations/,FR,Metropolitan Region,France,Europe,Primary land,37338,6474,2.502781689,48.71103164,47
Vastmanlands,Sweden,https://www.svd.se/tre-nya-fall-i-orebro--en-smittad-i-usa,SE,L?n,Sweden,Europe,Primary land,918,105,16.31775576,59.81128748,48
Mato Grosso,Brazil,https://twitter.com/minsaude/status/1236423393362264065,BR,State,Brazil,South America,Primary land,901,27,-55.90826902,-12.98147783,49
Magallanes,Chile,CLMA,CL,Region,Chile,South America,Primary land,901,14,-71.36142398,-52.541039,50
Larnaka,Cyprus,CY03,CY,District,Cyprus,Asia,Primary land,898,16,33.48723329,34.91220455,51
Tanger-T?touan,Morocco,MA01,MA,Region,Morocco,Africa,Primary land,889,29,-5.431926038,35.2475178,52
Vorarlberg,Austria,https://www.sozialministerium.at/Informationen-zum-Coronavirus/Neuartiges-Coronavirus-(2019-nCov).html,AT,State,Austria,Europe,Primary land,887,19,9.894773314,47.24287193,53
Markazi,Iran,https://en.irna.ir/,IR,Province,Iran,Asia,Primary land,882,15,49.99989956,34.60893081,54
Sofija,Bulgaria,https://www.novinite.com/articles/203543/2+More+Cases+of+Coronavirus+in+Sofia+-+Total+of+6+in+Bulgaria,BG,Region,Bulgaria,Europe,Primary land,879,56,23.60544192,42.71132189,55
Vestland,Norway,https://www.vg.no/spesial/2020/corona-viruset/,NO,County,Norway,Europe,Primary land,877,19,6.384057001,60.35060431,56
Soroca,Moldova,MDSO,MD,District,Moldova,Europe,Primary land,873,39,28.19732362,48.03609374,57
Chiba,Japan,https://www3.nhk.or.jp/news/html/20200304/k10012312901000.html,JP,Prefecture,Japan,Asia,Primary land,870,33,140.2000916,35.51737717,58
Sakha,Russian Federation,RUSA,RU,Republic,Russian Federation,Asia,Primary land,869,4,130.1981609,66.85724941,59
F?s-Boulemane,Morocco,MA05,MA,Region,Morocco,Africa,Primary land,866,26,-4.203615904,33.43582741,60
Jammu and Kashmir,India,https://pib.gov.in/PressReleseDetail.aspx?PRID=1605744,IN,State,India,Asia,Primary land,861,9,76.59586909,33.82198032,61
Khorasan-e Razavi,Iran,https://en.irna.ir/,IR,Province,Iran,Asia,Primary land,858,8,58.94542834,35.61755205,62
HaDarom,Israel,https://www.jpost.com/Breaking-News/Israel-confirms-three-m-more-cases-of-coronavirus-619446,IL,District,Israel,Asia,Primary land,856,5,34.86920794,30.84064797,63
La Habana,Cuba,https://en.wikipedia.org/wiki/2020_coronavirus_pandemic_in_Cuba,CU,Province,Cuba,North America,Primary land,849,47,-82.30728771,23.06795867,64
Karnataka,India,https://pib.gov.in/PressReleseDetail.aspx?PRID=1605744,IN,State,India,Asia,Primary land,848,31,76.1747308,14.72970787,65
Unknown Locations,Lebanon,LBJA,LB,Governorate,Lebanon,Asia,Very small island,843,26,35.36737395,33.57313623,66
Basel Country,Switzerland,https://www.swissinfo.ch/eng/covid-19_switzerland-confirms-second-coronavirus-case/45582788?utm_content=o&utm_campaign=own-posts&utm_medium=socialflow&utm_source=twitter,CH,Canton,Switzerland,Europe,Primary land,836,33,7.71609922,47.45301371,67
Uthuru,Maldives,https://en.sun.mv/58602,MV,Administrative Atoll,Maldives,Asia,Small island,835,3,73.31425386,5.609636851,68
Flevoland,Netherlands,https://www.rivm.nl/nieuws/actuele-informatie-over-coronavirus,NL,Province,Netherlands,Europe,Primary land,834,71,5.597914604,52.52331833,69
Graubunden,Switzerland,https://www.swissinfo.ch/eng/covid-19_switzerland-confirms-second-coronavirus-case/45582788?utm_content=o&utm_campaign=own-posts&utm_medium=socialflow&utm_source=twitter,CH,Canton,Switzerland,Europe,Primary land,820,45,9.628098814,46.65847419,70
Zakarpats'ka,Ukraine,UA21,UA,Province,Ukraine,Europe,Primary land,816,21,23.27478259,48.40553569,71
Azarbayjan-e-Sharqi (east),Iran,https://en.irna.ir/,IR,Province,Iran,Asia,Primary land,813,5,46.60281519,37.9507492,72
